Name,Price,Category
Carrefour Ekstra Okyanus Yumuşatıcı 1500 ml,"10,45 TL",Klasik Çamaşır Yumuşatıcıları
Carrefour Ekstra Yumuşatıcı Bahar Çiçekleri 1500 ml,"10,45 TL",Klasik Çamaşr Yumuşatclar
Carrefour Ekstra Yumuşatıcı Lavanta 1500 ml,"10,45 TL",Klasik Çamaşır Yumuşatıcıları
Carrefour Yumuşatıcı Lavanta 3 l,"8,95 TL",Klasik Çamaşr Yumuşatclar
Carrefour Yumuşatıcı Bahar Çiçeği 3 l,"8,95 TL",Klasik Çamaşır Yumuşatıcıları
Carrefour Yumuşatıcı Okyanus Ferahlığı 3 l,"8,95 TL",Klasik Çamaşr Yumuşatclar
Carrefour Çamaşır Suyu 3750 ml,"7,90 TL",Klasik Çamaşır Yumuşatıcıları
Carrefour Parfümlü Çamaşır Suyu 3750 ml,"7,90 TL",Klasik Çamaşr Yumuşatclar
Carrefour U ltra Çamaşır Suyu Dağ Esintisi 750 ml,"2,95 TL",Klasik Çamaşır Yumuşatıcıları
Carrefour Parfümlü Çamaşır Suyu 2340 ml,"4,95 TL",Klasik Çamaşr Yumuşatclar
Carrefour U ltra Çamaşır Suyu Kar Beyaz 750 ml,"2,95 TL",Klasik Çamaşır Yumuşatıcıları
Carrefour Ultra Çamaşır Suyu Dağ Esintisi 4 l,"14,90 TL",Klasik Çamaşr Yumuşatclar
Alo Toz Çamaşır Deterjanı Beyazlar ve Renkliler İçin 7 kg,"32,90 TL",Sade Çamaşır Suyu
Bingomatik Renkli Beyaz 7 kg,"32,90 TL",Sade Çamaşr Suyu
Bingomatik Renkli 7 kg,"32,90 TL",Sade Çamaşır Suyu
Alo Toz Çamaşır Deterjanı Beyazlar ve Renkliler İçin Gül Bahçesi 7 kg,"32,90 TL",Sade Çamaşr Suyu
"Bingomatik Ultra Beyaz 4,5 kg","27,75 TL",Sade Çamaşır Suyu
"Bingomatik Parfümsüz 4,5 kg","27,75 TL",Sade Çamaşr Suyu
"Alo Toz Çamaşır Deterjanı Kar Çiçeği 1,5 kg","11,50 TL",Sade Çamaşır Suyu
Alo Toz Çamaşır Deterjanı Kar Çiçeği 4 kg,"27,90 TL",Sade Çamaşr Suyu
Omo Matik Color 4 Kg,"33,50 TL",Sade Çamaşır Suyu
Ariel Toz Çamaşır Deterjanı Dağ Esintisi 6 kg,"44,90 TL",Sade Çamaşr Suyu
Omomatik Color 6 Kg,"43,50 TL",Sade Çamaşır Suyu
Omomatik Active Fresh 6 kg,"43,50 TL",Sade Çamaşr Suyu
Ariel Toz Çamaşır Deterjanı Parlak Renkler 6 kg,"44,90 TL",Matik Deterjanlar
"Bingomatik Renkli Beyaz 4,5 kg","27,75 TL",Matik Deterjanlar
Omomatik Toz Çamaşır Deterjanı Active Fresh 10 Yıkama 1.5 kg,"14,95 TL",Matik Deterjanlar
Tursilmatik Leylak Bahçesi 7 kg,"34,90 TL",Matik Deterjanlar
Tursilmatik Leylak Color 7 kg,"34,90 TL",Matik Deterjanlar
"Omomatik 7,5 kg Active","48,90 TL",Matik Deterjanlar
Persil Matik Color 8 kg,"42,90 TL",Matik Deterjanlar
Ariel Plus Toz Çamaşır Deterjanı Febreze Etkili Parlak Renkler 5 kg,"44,90 TL",Matik Deterjanlar
Alo Platinum Fairy Etkili Çamaşır Deterjanı 6 Kg,"42,90 TL",Matik Deterjanlar
Alo Platinum Fairy Etkili Renkliler İçin Çamaşır Deterjanı 6 kg,"42,90 TL",Matik Deterjanlar
Ariel Plus Toz Çamaşır Deterjanı Febreze Etkili 5 kg,"44,90 TL",Matik Deterjanlar
Boron Matik Çamaşır Deterjanı 4 kg,"22,50 TL",Matik Deterjanlar
Ariel Plus Toz Çamaşır Deterjanı Febreze Etkili Parlak Renkler 1.2 kg,"16,90 TL",Matik Deterjanlar
Persil Matik Gülün Büyüsü 8 kg,"42,90 TL",Matik Deterjanlar
Omomatik Active Fresh 4 kg,"33,50 TL",Matik Deterjanlar
Rinsomatik Kır Bahçesi 8 kg,"37,90 TL",Matik Deterjanlar
Persil 6 Kg Çamaşır Deterjanı Gülün Büyüsü,"36,50 TL",Matik Deterjanlar
Persil 6 Kg Çamaşır Deterjanı Renkliler İçin,"36,50 TL",Matik Deterjanlar
Vanish Kosla Leke Çıkarıcı Gold Toz Renkliler İçin 400 g,"15,68 TL",Matik Deterjanlar
Vanish Kosla Leke Çıkarıcı Gold Toz Beyazlar İçin 800 g,"27,68 TL",Matik Deterjanlar
Vanish Kosla Tül Temizleyici 2'li Paket Toz 450 g + Parlatıcı 500 ml,"24,90 TL",Matik Deterjanlar
Vanish Kosla Tül Temizleyici Toz 450 gr,"19,90 TL",Matik Deterjanlar
Vanish Kosla Leke Çıkarıcı Gold Toz Beyazlar İçin 400 g,"15,68 TL",Matik Deterjanlar
Vanish Kosla Leke Çıkarıcı Gold Toz Renkliler İçin 800 g,"27,68 TL",Matik Deterjanlar
Vanish Kosla Tül Temizleyici Parlatıcı 500 ml,"26,90 TL",Toz Çamaşır Beyazlatıcı
K2R Renk Koruyucu Mendil 20'li ,"9,75 TL",Toz Çamaşr Beyazlatc
K2R Renk Kroyucu Mendil 10'lu,"5,75 TL","Leke Sökücü, Kola, Ütü Suyu, Maftalin"
Dr.Beckmann Aktif Beyazlatıcı Mendil 15 Adet,"19,90 TL",Leke Sökücü Kola Ütü Suyu Maftalin
Dr.Beckmann Aktif Beyazlatıcı Mendil 10 adet,"24,90 TL","Leke Sökücü, Kola, Ütü Suyu, Maftalin"
Dr Beckmann Renk Koruyucu Mendil 12 adet,"16,90 TL",Leke Sökücü Kola Ütü Suyu Maftalin
Vanish Kosla Leke Çıkarıcı Gold Sıvı Beyazlar İçin 1800 ml,"27,68 TL","Leke Sökücü, Kola, Ütü Suyu, Maftalin"
Vanish Kosla Leke Çıkarıcı Gold Sıvı Renkliler İçin 1800 ml,"27,68 TL",Leke Sökücü Kola Ütü Suyu Maftalin
Vanish Kosla Leke Çıkarıcı Gold Sıvı Renkliler İçin 900 ml,"15,68 TL","Leke Sökücü, Kola, Ütü Suyu, Maftalin"
Vanish Kosla Leke Çıkarıcı Gold Sıvı Beyazlar İçin 900 ml,"15,68 TL",Leke Sökücü Kola Ütü Suyu Maftalin
Dr.Beckmann Acil Leke Çıkarıcı 9 ml,"21,90 TL","Leke Sökücü, Kola, Ütü Suyu, Maftalin"
Dr.Beckmann Fırçalı Leke Çıkarıcı 250 ml,"21,90 TL",Leke Sökücü Kola Ütü Suyu Maftalin
Dr.Beckmann Fırçalı Halı Leke Çıkarıcı ,"27,90 TL",Diğer Çamaşır Bakımı Ürünleri
Astonish Leke Çıkarıcı 750 ml,"29,90 TL",Diğer Çamaşr Bakm Ürünleri
Yumoş Extra Lavanta Manolya 1440 ml,"17,90 TL",Diğer Çamaşır Bakımı Ürünleri
Yumoş Extra Lilyum  Lotus 1440 ml,"17,90 TL",Diğer Çamaşr Bakm Ürünleri
Yumoş Extra Yabani Orkide ve Yasemin 60 Yıkama,"17,90 TL",Diğer Çamaşır Bakımı Ürünleri
Yumoş Extra Hanımeli 1440 ml,"17,90 TL",Diğer Çamaşr Bakm Ürünleri
Yumoş Extra Portakal Ciçeği 1440 ml,"17,90 TL",Diğer Çamaşır Bakımı Ürünleri
Yumoş Extra Hanımeli 42 Yıkama,"11,00 TL",Diğer Çamaşr Bakm Ürünleri
Yumoş Extra Yabani Orkide Yasemin 42 Yıkama,"11,00 TL",Diğer Çamaşır Bakımı Ürünleri
Yumoş Extra Saf Beyaz 1500 ml,"17,90 TL",Diğer Çamaşr Bakm Ürünleri
Bingo Soft Sevgi Serisi Konsantre Yumuşatıcı Sümbül Masalı 1140 ml,"17,95 TL",Diğer Çamaşır Bakımı Ürünleri
Bingo Soft Sevgi Serisi Konsantre Yumuşatıcı Manolya Bahçesi 1440 ml,"17,95 TL",Diğer Çamaşr Bakm Ürünleri
Bingo Soft Konsantre Canım Kızım 1440 ml,"17,95 TL",Klasik Çamaşır Yumuşatıcıları
Bingo Soft Konsantre Oğlusum 1440 ml,"17,95 TL",Klasik Çamaşr Yumuşatclar
Bingo Soft Gülpembe 5 l,"18,90 TL",Klasik Çamaşır Yumuşatıcıları
Bingo Soft Sensitive 5 l,"18,90 TL",Klasik Çamaşr Yumuşatclar
Bingo Soft Sensitive 3 lt,"13,95 TL",Klasik Çamaşır Yumuşatıcıları
Bingo Soft Kuzumun Kokusu 30 Yıkama 3 lt,"13,95 TL",Klasik Çamaşr Yumuşatclar
Vernel Max Taze Gül 1440 ml 60 Yıkama,"19,95 TL",Klasik Çamaşır Yumuşatıcıları
Vernel Gülün Büyüsü 3 lt 30 Yıkama,"15,95 TL",Klasik Çamaşr Yumuşatclar
Vernel Gülün Büyüsü 5 lt 50 Yıkama,"22,50 TL",Klasik Çamaşır Yumuşatıcıları
Vernel Hassas ve Yumuşak 5 lt 50 Yıkama,"22,50 TL",Klasik Çamaşr Yumuşatclar
Vernel Aromatheraphy Sensual 5 lt 50 Yıkama,"22,50 TL",Klasik Çamaşır Yumuşatıcıları
Vernel Aromatheraphy Relax 5 lt 50 Yıkama,"22,50 TL",Klasik Çamaşr Yumuşatclar
Bingo Soft Konsantre Sensitive 1440 ml,"17,95 TL",Klasik Çamaşır Yumuşatıcıları
Bingo Soft Lovely 5 l,"18,90 TL",Klasik Çamaşr Yumuşatclar
Bingo Soft Lavanta 3 lt,"13,95 TL",Klasik Çamaşır Yumuşatıcıları
Vernel Max Nergiz Çiçeği ve Lavanta 1440 ml 60 Yıkama,"19,95 TL",Klasik Çamaşr Yumuşatclar
U Green Clean Sensitive Kokusuz Yumuşatıcı,"18,50 TL",Klasik Çamaşır Yumuşatıcıları
Vernel Aromatheraphy Sensual 3 lt 30 Yıkama,"15,95 TL",Klasik Çamaşr Yumuşatclar
Vernel Hassas ve Yumuşak 3 lt 30 Yıkama,"15,95 TL",Klasik Çamaşır Yumuşatıcıları
Yumoş Extra Pouch Yabani Orkide ve Yasemin 1440 ml,"19,95 TL",Klasik Çamaşr Yumuşatclar
Bingo Soft Kuzumun Kokusu 5 l,"18,90 TL",Klasik Çamaşır Yumuşatıcıları
"Vernel Max Supreme Passion 1,2 L","19,90 TL",Klasik Çamaşr Yumuşatclar
"Vernel Max Supreme Passion 1,2 L","19,90 TL",Klasik Çamaşır Yumuşatıcıları
"Vernel Max Supreme Glamour 1,2 L","19,90 TL",Klasik Çamaşr Yumuşatclar
Carrefour Eco Planet Bitkisel Çamaşır Yumuşatıcısı 750 ml,"11,90 TL",Klasik Çamaşır Yumuşatıcıları
Vernel Deniz Esintisi 5 lt 50 Yıkama,"22,50 TL",Klasik Çamaşr Yumuşatclar
U Green Clean Yumuşatıcı 1000 ml Lavanta,"18,50 TL",Klasik Çamaşır Yumuşatıcıları
Vernel Taze Gül 1 lt 10 Yıkama,"6,90 TL",Klasik Çamaşr Yumuşatclar
"U Green Clean Çamaşır Yumuşatıcı 2,75 lt","40,90 TL",Klasik Çamaşır Yumuşatıcıları
Yumoş Extra Hanımeli Yumuşatıcı 960 ml,"14,50 TL",Klasik Çamaşr Yumuşatclar
Vernel Max Limon Yağı ve Vanilya 1440 ml 60 Yıkama,"19,95 TL",Klasik Çamaşır Yumuşatıcıları
Vernel Max Limon Yağı ve Vanilya 720 ml 30 Yıkama,"10,95 TL",Klasik Çamaşr Yumuşatclar
Vernel Max Taze Gül 720 ml 30 Yıkama,"10,95 TL",Klasik Çamaşır Yumuşatıcıları
Siveno Doğal Çamaşır Suyu 700 ml ,"17,94 TL",Klasik Çamaşr Yumuşatclar
Ace Köpük 700 ml + 700 ml Copack,"20,93 TL",Klasik Çamaşır Yumuşatıcıları
Ace Ultra Köpük Çamaşır Suyu Yağ Çözücü 700 ml,"11,21 TL",Klasik Çamaşr Yumuşatclar
Ace Ultra Çiçek Kokulu 3 lt,"12,71 TL",Klasik Çamaşır Yumuşatıcıları
Ace Ultra Limon Kokulu 3 lt,"12,71 TL",Klasik Çamaşr Yumuşatclar
Ace Ultra Ferahlık Etkisi 3 lt,"12,71 TL",Klasik Çamaşır Yumuşatıcıları
Ace Ultra Köpük Çiçek Kokulu 700 ml,"11,21 TL",Klasik Çamaşr Yumuşatclar
Bingo Oksijenli Çamaşır Suyu Ferahlatan Hijyen 3500 ml,"18,45 TL",Klasik Çamaşır Yumuşatıcıları
Bingo Oksijenli Çamaşır Suyu Hassas Hijyen 3500 ml,"18,45 TL",Klasik Çamaşr Yumuşatclar
Bingo Oksijenli Çamaşır Suyu Ferahlatan Hijyen 750 ml,"5,95 TL",Sade Çamaşır Suyu
Bingo Oksijenli Çamaşır Suyu Ferahlatan Hijyen 2000 ml,"12,25 TL",Sade Çamaşr Suyu
Bingo Oksijenli Çamaşır Suyu Derinlemesine Hijyen 3500 ml,"18,45 TL",Sade Çamaşır Suyu
Bingo Oksijenli Çamaşır Suyu Derinlemesine Hijyen 750 ml,"5,95 TL",Sade Çamaşr Suyu
Bingo Oksijenli Çamaşır Suyu Hassas Hijyen 2000 ml,"12,25 TL",Sade Çamaşır Suyu
Bingo Oksijenli Çamaşır Suyu Nefes Aldıran Hijyen 2000ml,"12,25 TL",Sade Çamaşr Suyu
Bingo Oksijenli Çamaşır Suyu Hassas Hijyen 750 ml,"5,95 TL",Sade Çamaşır Suyu
Vissmate Çamaşır Suyu Bembeyaz Çamaşırlar 750 ml,"5,40 TL",Sade Çamaşr Suyu
Domestos Çamaşır Suyu 7'li Püskürtme Sistemi Fırtına Gücü 750 ml,"5,90 TL",Sade Çamaşır Suyu
Carrefour Çamaşır Suyu 2340 ml,"4,95 TL",Sade Çamaşr Suyu
Domestos Pembe Güç 810 g,"6,95 TL",Sade Çamaşır Suyu
Ace Çamaşır Suyu Lavanta Düşleri 2 lt,"7,45 TL",Sade Çamaşr Suyu
Ace Çamaşır Suyu Ekstra Hijyen 4 lt,"11,95 TL",Sade Çamaşır Suyu
Ace Çamaşır Suyu Lavanta Düşleri 4 lt,"12,95 TL",Sade Çamaşr Suyu
Domestos Limon Ferahlığı Çamaşır Suyu 810 ml,"6,95 TL",Sade Çamaşır Suyu
Domestos Kar Beyazı Çamaşır Suyu 810 ml,"6,95 TL",Sade Çamaşr Suyu
Domestos Dağ Esintisi Ultra Çamaşır Suyu 810 ml,"6,95 TL",Sade Çamaşır Suyu
Ace Çamaşır Suyu Bahar Kokulu 4 lt,"12,95 TL",Sade Çamaşr Suyu
Ace Çamaşır Suyu 4 lt,"11,95 TL",Sade Çamaşır Suyu
Domestos Ultra Çamaşır Suyu Kar Beyazı 3500 ml,"20,95 TL",Sade Çamaşr Suyu
Domestos Ultra Çamaşır Suyu Okaliptus 3500 ml,"20,95 TL",Sade Çamaşır Suyu
Domestos Ultra Çamaşır Suyu Dağ Esintisi 3500 ml,"20,95 TL",Sade Çamaşr Suyu
Domestos Dağ Esintisi 2000 ml,"13,90 TL",Sade Çamaşır Suyu
U Green Clean Bitkisel Çamaşır Suyu 1000 ml,"16,90 TL",Sade Çamaşr Suyu
Vissmate Çamaçır Suyu Çam Ormanları 750 ml,"5,40 TL",Sade Çamaşır Suyu
Domestos Okaliptus Ferahlığı 810 ml,"6,95 TL",Sade Çamaşr Suyu
Ace Çamaşır Suyu 1 lt,"3,90 TL",Sade Çamaşır Suyu
Domestos Kar Beyazı 2000 g,"13,90 TL",Sade Çamaşr Suyu
Ace Çamaşır Suyu 2 lt,"7,45 TL",Sade Çamaşır Suyu
Marc Çamaşır Makinesi Temizleyicisi 2x250 ml,"22,90 TL",Sade Çamaşr Suyu
Marc Çamaşır Makinesi Temizleyicisi Çam Ferahlığı 500 ml,"22,90 TL",Çamaşır Makinası Kireç Çözücüsü
Calgon Hijyen Toz 500 g,"12,90 TL",Çamaşr Makinas Kireç Çözücüsü
Calgon Antibakteriyel Jel 750 ml,"19,90 TL",Çamaşır Makinası Kireç Çözücüsü
Calgon Çamaşır Makinesi Kireç Önleyici Tablet 40'lı,"39,90 TL",Çamaşr Makinas Kireç Çözücüsü
Calgon Çamaşır Makinesi Kireç Önleyici Toz 2 x 1250gr,"44,90 TL",Çamaşır Makinası Kireç Çözücüsü
Calgon Çamaşır Makinesi Kireç Önleyici Tablet 15'li,"19,90 TL",Çamaşr Makinas Kireç Çözücüsü
Calgon Çamaşır Makinesi Kireç Önleyici Toz 1500gr,"30,90 TL",Çamaşır Makinası Kireç Çözücüsü
Sır Çamaşır Makinesi Temizleyici 225 ml,"8,90 TL",Çamaşr Makinas Kireç Çözücüsü
Calgon Çamaşır Makinesi Kireç Önleyici Toz 500gr,"11,95 TL",Çamaşır Makinası Kireç Çözücüsü
Lofçalı Kireç Çözücü 750 g,"6,75 TL",Çamaşr Makinas Kireç Çözücüsü
Ariel Sıvı Çamaşır Deterjanı Kapsülü 23'lü Renkliler,"19,95 TL",Çamaşır Makinası Kireç Çözücüsü
Ariel 3'ü 1 Arada Pods Sıvı Çamaşır Deterjanı Kapsülü Dağ Esintisi 15 Yıkama,"15,45 TL",Çamaşr Makinas Kireç Çözücüsü
Ariel Sıvı Çamaşır Deterjanı Dağ Esintisi Beyazlar ve Renkliler İçin 26 Yıkama,"22,43 TL",Çamaşır Makinası Kireç Çözücüsü
Siveno Doğal Çamaşır Sabunu 750 ml sıvı,"23,94 TL",Çamaşr Makinas Kireç Çözücüsü
Ariel Sıvı Çamaşır Deterjanı Parlak Renkler 15 Yıkama,"19,43 TL",Çamaşır Makinası Kireç Çözücüsü
Ariel Sıvı Çamaşır Deterjanı Ekstra Ferah 24 Yıkama,"20,93 TL",Çamaşr Makinas Kireç Çözücüsü
Ariel Sıvı Çamaşır Deterjanı Parlak Renkler 24 Yıkama,"20,93 TL",Çamaşır Makinası Kireç Çözücüsü
Ariel Sıvı Çamaşır Deterjanı Parlak Renkler 26 Yıkama,"22,43 TL",Çamaşr Makinas Kireç Çözücüsü
Bingo Sıvı Bakım Renkli 2 l,"18,90 TL",Çamaşır Makinası Kireç Çözücüsü
Woolite Hassas Çamaşır Deterjanı Siyahlar İçin 1500 ml,"17,90 TL",Çamaşr Makinas Kireç Çözücüsü
Perwoll Yenilenen Siyahlar 2 lt,"15,25 TL",Sıvı Deterjanlar
Perwoll Yenilenen Canlı Renkler 2 lt,"15,25 TL",Sv Deterjanlar
Perwoll Yenilenen Siyahlar 1 lt,"8,90 TL",Sıvı Deterjanlar
Bingo Sıvı Deterjan Narin 4 l,"29,95 TL",Sv Deterjanlar
Bingo Sıvı Deterjan Narinler İçin 2 l,"20,95 TL",Sıvı Deterjanlar
Perwoll Yenilenen Beyazlar 2 lt,"15,25 TL",Sv Deterjanlar
Perwoll Yenilenen Beyazlar 1 lt,"8,90 TL",Sıvı Deterjanlar
Persil Jel Çamaşır Deterjan 33 Yıkama Renkliler,"32,90 TL",Sv Deterjanlar
Persil Jel Çamaşır Deterjanı 33 Yıkama Gülün Büyüsü ,"32,90 TL",Sıvı Deterjanlar
Bingo Sıvı Bakım Siyah 4 l,"29,95 TL",Sv Deterjanlar
Woolite Hassas Çamaşır Deterjanı Renkliler İçin 1500 ml,"17,90 TL",Sıvı Deterjanlar
Bingo Sıvı Bakım Renkli 4 l,"29,95 TL",Sv Deterjanlar
U Green Clean Sensitive Kokusuz Sıvı Çamaşır Deterjanı,"32,50 TL",Sıvı Deterjanlar
Tursil Jel Leylak Bahçesi 24 Yıkama,"22,50 TL",Sv Deterjanlar
Tursil Jel Taze Kır Çiçekleri 24 Yıkama,"22,50 TL",Sıvı Deterjanlar
Omo Sıvı Ultra Color 26 Yıkama 910  ml,"30,90 TL",Sv Deterjanlar
Rinso Sıvı Ev Tekstiline Özel 3 Lt,"22,90 TL",Sıvı Deterjanlar
Omo Sıvı Active Fresh 30 Yıkama 1950  ml,"36,95 TL",Sv Deterjanlar
Omo Sıvı Active Beyaz ve Renkliler İçin 30 Yıakma 1950  ml,"36,95 TL",Sıvı Deterjanlar
Omo Sıvı Siyah 30 Yıkama 1950  ml,"36,95 TL",Sv Deterjanlar
Omo Sıvı Baby 30 Yıkama 1950  ml,"39,90 TL",Sıvı Deterjanlar
Bingo Sıvı Deterjan 36 Yıkama,"34,95 TL",Sv Deterjanlar
Omo Pouch Color 18 Yıkama 1170  ml,"20,90 TL",Sıvı Deterjanlar
Omo Pouch Black 18 Yıkama 1170  ml,"20,90 TL",Sv Deterjanlar
Omo Pouch Active Beyazlar ve Renkliler İçin 18 Yıkama 1170  ml,"20,90 TL",Sıvı Deterjanlar
Omo Sıvı Active Color 30 Yıkama 1950  ml,"36,95 TL",Sv Deterjanlar
Omo Sıvı Ultra Active Fresht Beyazlar 26 Yıkama 910 ml,"30,90 TL",Sıvı Deterjanlar
Carrefour Eco Planet Bitkisel Konsantre Sıvı Çamaşır Deterjanı,"22,90 TL",Sv Deterjanlar
Omo Sıvı Pouch Active 650  ml,"14,50 TL",Sıvı Deterjanlar
U Green Clean Çamaşır Deterjanı 1000 ml,"32,50 TL",Sv Deterjanlar
Bingo Sıvı Deterjan Renkli Beyaz 2145 ml,"34,95 TL",Sıvı Deterjanlar
Omo Sıvı Beyazlar ve Renkliler İçin 1950  ml + Yumoş Extra Yabani Orkide  Yasemin 42 Yıkama,"49,90 TL",Sv Deterjanlar
Woolite Sıvı Çamaşır Deterjanı 1.5 lt Siyahlar İçin ,"15,95 TL",Sıvı Deterjanlar
Perwoll Yenilenen Siyahlar 3 lt,"22,90 TL",Sv Deterjanlar
Perwoll Yenilenen Canlı Renkler 3 lt,"22,90 TL",Sıvı Deterjanlar
Perwoll Bakım  Onarım 3 lt,"22,90 TL",Sv Deterjanlar
Perwoll Yenilenen Beyazlar 3 lt,"22,90 TL",Sıvı Deterjanlar
